<?xml version="1.0" encoding="UTF-8"?>
<project-private xmlns="http://www.netbeans.org/ns/project-private/1">
    <editor-bookmarks xmlns="http://www.netbeans.org/ns/editor-bookmarks/2" lastBookmarkId="0"/>
    <open-files xmlns="http://www.netbeans.org/ns/projectui-open-files/2">
        <group>
            <file>file:/C:/Users/victus/OneDrive/Escritorio/first-repo/Practicas/practica_java/Farmacia/src/main/main.java</file>
            <file>file:/C:/Users/victus/OneDrive/Escritorio/first-repo/Practicas/practica_java/Farmacia/src/views/LoginView.java</file>
            <file>file:/C:/Users/victus/OneDrive/Escritorio/first-repo/Practicas/practica_java/Farmacia/src/views/SystemView.java</file>
            <file>file:/C:/Users/victus/OneDrive/Escritorio/first-repo/Practicas/practica_java/Farmacia/src/controllers/SettingsController.java</file>
        </group>
    </open-files>
</project-private>
